city,nb_hotel,distribution
sofia,56,0.056056056056056056
rome,129,0.12912912912912913
madrid,118,0.11811811811811812
paris,167,0.16716716716716717
vienna,106,0.1061061061061061
valletta,48,0.04804804804804805
vilnius,96,0.0960960960960961
copenhagen,144,0.14414414414414414
amsterdam,135,0.13513513513513514
